tag,rel,x_shred,fy,pq,fl,fs,mu,j,c,rel_pct,x_shred_pct,rel_lab,x_shred_lab,x_idx,y_idx,n_runs,A_prob_elim,B_mean_tte_cond,C_median_tte_cond,tte_stat_choice,tte_to_plot,D_eq_final_norm_mean
rel0p0020_fy0p8000_pq0p0000_fl0p0000_fs1p0000_mu0p9700_j0p2500_c0p9300_xs0p0000,0.002,0,0.8,0,0,1,0.97,0.25,0.93,0.2,0,0.2,0,1,1,100,0,,,median,,0.9709508551912568
rel0p0020_fy0p8000_pq0p0000_fl0p0000_fs1p0000_mu0p9700_j0p2500_c0p9300_xs0p1000,0.002,0.1,0.8,0,0,1,0.97,0.25,0.93,0.2,0.1,0.2,0.1,1,2,100,0,,,median,,0.9488919453551913
rel0p0020_fy0p8000_pq0p0000_fl0p0000_fs1p0000_mu0p9700_j0p2500_c0p9300_xs0p2000,0.002,0.2,0.8,0,0,1,0.97,0.25,0.93,0.2,0.2,0.2,0.2,1,3,100,0,,,median,,0.9422964371584699
rel0p0020_fy0p8000_pq0p0000_fl0p0000_fs1p0000_mu0p9700_j0p2500_c0p9300_xs0p3000,0.002,0.3,0.8,0,0,1,0.97,0.25,0.93,0.2,0.3,0.2,0.3,1,4,100,0,,,median,,0.9333666202185792
rel0p0020_fy0p8000_pq0p0000_fl0p0000_fs1p0000_mu0p9700_j0p2500_c0p9300_xs0p4000,0.002,0.4,0.8,0,0,1,0.97,0.25,0.93,0.2,0.4,0.2,0.4,1,5,100,0,,,median,,0.9224710573770492
rel0p0020_fy0p8000_pq0p0000_fl0p0000_fs1p0000_mu0p9700_j0p2500_c0p9300_xs0p5000,0.002,0.5,0.8,0,0,1,0.97,0.25,0.93,0.2,0.5,0.2,0.5,1,6,100,0,,,median,,0.9015742868852459
rel0p0020_fy0p8000_pq0p0000_fl0p0000_fs1p0000_mu0p9700_j0p2500_c0p9300_xs0p6000,0.002,0.6,0.8,0,0,1,0.97,0.25,0.93,0.2,0.6,0.2,0.6,1,7,100,0,,,median,,0.8496574234972678
rel0p0020_fy0p8000_pq0p0000_fl0p0000_fs1p0000_mu0p9700_j0p2500_c0p9300_xs0p7000,0.002,0.7,0.8,0,0,1,0.97,0.25,0.93,0.2,0.7,0.2,0.7,1,8,100,0,,,median,,0.7968109945355192
rel0p0020_fy0p8000_pq0p0000_fl0p0000_fs1p0000_mu0p9700_j0p2500_c0p9300_xs0p8000,0.002,0.8,0.8,0,0,1,0.97,0.25,0.93,0.2,0.8,0.2,0.8,1,9,100,0.03,20.676712328767124,21.471232876712328,median,,0.6297939043715847
rel0p0020_fy0p8000_pq0p0000_fl0p0000_fs1p0000_mu0p9700_j0p2500_c0p9300_xs0p9000,0.002,0.9,0.8,0,0,1,0.97,0.25,0.93,0.2,0.9,0.2,0.9,1,10,100,0.31,16.31895713654441,14.479452054794521,median,,0.49965883333333333
rel0p0020_fy0p8000_pq0p0000_fl0p0000_fs1p0000_mu0p9700_j0p2500_c0p9300_xs1p0000,0.002,1,0.8,0,0,1,0.97,0.25,0.93,0.2,1,0.2,1,1,11,100,0.85,10.424754230459307,10.284931506849315,median,10.284931506849315,0.13249586065573768
rel0p0040_fy0p8000_pq0p0000_fl0p0000_fs1p0000_mu0p9700_j0p2500_c0p9300_xs0p0000,0.004,0,0.8,0,0,1,0.97,0.25,0.93,0.4,0,0.4,0,2,1,100,0,,,median,,0.9097944180327869
rel0p0040_fy0p8000_pq0p0000_fl0p0000_fs1p0000_mu0p9700_j0p2500_c0p9300_xs0p1000,0.004,0.1,0.8,0,0,1,0.97,0.25,0.93,0.4,0.1,0.4,0.1,2,2,100,0,,,median,,0.9060205300546448
rel0p0040_fy0p8000_pq0p0000_fl0p0000_fs1p0000_mu0p9700_j0p2500_c0p9300_xs0p2000,0.004,0.2,0.8,0,0,1,0.97,0.25,0.93,0.4,0.2,0.4,0.2,2,3,100,0,,,median,,0.8860727923497268
rel0p0040_fy0p8000_pq0p0000_fl0p0000_fs1p0000_mu0p9700_j0p2500_c0p9300_xs0p3000,0.004,0.3,0.8,0,0,1,0.97,0.25,0.93,0.4,0.3,0.4,0.3,2,4,100,0,,,median,,0.8506652404371585
rel0p0040_fy0p8000_pq0p0000_fl0p0000_fs1p0000_mu0p9700_j0p2500_c0p9300_xs0p4000,0.004,0.4,0.8,0,0,1,0.97,0.25,0.93,0.4,0.4,0.4,0.4,2,5,100,0,,,median,,0.8284360546448087
rel0p0040_fy0p8000_pq0p0000_fl0p0000_fs1p0000_mu0p9700_j0p2500_c0p9300_xs0p5000,0.004,0.5,0.8,0,0,1,0.97,0.25,0.93,0.4,0.5,0.4,0.5,2,6,100,0,,,median,,0.7626545628415301
rel0p0040_fy0p8000_pq0p0000_fl0p0000_fs1p0000_mu0p9700_j0p2500_c0p9300_xs0p6000,0.004,0.6,0.8,0,0,1,0.97,0.25,0.93,0.4,0.6,0.4,0.6,2,7,100,0,,,median,,0.6907545901639345
rel0p0040_fy0p8000_pq0p0000_fl0p0000_fs1p0000_mu0p9700_j0p2500_c0p9300_xs0p7000,0.004,0.7,0.8,0,0,1,0.97,0.25,0.93,0.4,0.7,0.4,0.7,2,8,100,0.07,19.645401174168295,16.90684931506849,median,,0.6075375846994535
rel0p0040_fy0p8000_pq0p0000_fl0p0000_fs1p0000_mu0p9700_j0p2500_c0p9300_xs0p8000,0.004,0.8,0.8,0,0,1,0.97,0.25,0.93,0.4,0.8,0.4,0.8,2,9,100,0.65,12.199747102212855,11.805479452054794,median,11.805479452054794,0.2914076557377049
rel0p0040_fy0p8000_pq0p0000_fl0p0000_fs1p0000_mu0p9700_j0p2500_c0p9300_xs0p9000,0.004,0.9,0.8,0,0,1,0.97,0.25,0.93,0.4,0.9,0.4,0.9,2,10,100,0.99,9.488667496886675,9.454794520547946,median,9.454794520547946,0.008028224043715853
rel0p0040_fy0p8000_pq0p0000_fl0p0000_fs1p0000_mu0p9700_j0p2500_c0p9300_xs1p0000,0.004,1,0.8,0,0,1,0.97,0.25,0.93,0.4,1,0.4,1,2,11,100,1,7.827095890410959,7.765753424657534,median,7.765753424657534,0
rel0p0060_fy0p8000_pq0p0000_fl0p0000_fs1p0000_mu0p9700_j0p2500_c0p9300_xs0p0000,0.006,0,0.8,0,0,1,0.97,0.25,0.93,0.6,0,0.6,0,3,1,100,0,,,median,,0.8649628770491803
rel0p0060_fy0p8000_pq0p0000_fl0p0000_fs1p0000_mu0p9700_j0p2500_c0p9300_xs0p1000,0.006,0.1,0.8,0,0,1,0.97,0.25,0.93,0.6,0.1,0.6,0.1,3,2,100,0,,,median,,0.8530051530054644
rel0p0060_fy0p8000_pq0p0000_fl0p0000_fs1p0000_mu0p9700_j0p2500_c0p9300_xs0p2000,0.006,0.2,0.8,0,0,1,0.97,0.25,0.93,0.6,0.2,0.6,0.2,3,3,100,0,,,median,,0.8178498005464481
rel0p0060_fy0p8000_pq0p0000_fl0p0000_fs1p0000_mu0p9700_j0p2500_c0p9300_xs0p3000,0.006,0.3,0.8,0,0,1,0.97,0.25,0.93,0.6,0.3,0.6,0.3,3,4,100,0,,,median,,0.7826799398907104
rel0p0060_fy0p8000_pq0p0000_fl0p0000_fs1p0000_mu0p9700_j0p2500_c0p9300_xs0p4000,0.006,0.4,0.8,0,0,1,0.97,0.25,0.93,0.6,0.4,0.6,0.4,3,5,100,0,,,median,,0.7099147349726775
rel0p0060_fy0p8000_pq0p0000_fl0p0000_fs1p0000_mu0p9700_j0p2500_c0p9300_xs0p5000,0.006,0.5,0.8,0,0,1,0.97,0.25,0.93,0.6,0.5,0.6,0.5,3,6,100,0.05,24.54082191780822,22.09315068493151,median,,0.6305172868852459
rel0p0060_fy0p8000_pq0p0000_fl0p0000_fs1p0000_mu0p9700_j0p2500_c0p9300_xs0p6000,0.006,0.6,0.8,0,0,1,0.97,0.25,0.93,0.6,0.6,0.6,0.6,3,7,100,0.18,16.664231354642315,14.116438356164384,median,,0.5833138306010929
rel0p0060_fy0p8000_pq0p0000_fl0p0000_fs1p0000_mu0p9700_j0p2500_c0p9300_xs0p7000,0.006,0.7,0.8,0,0,1,0.97,0.25,0.93,0.6,0.7,0.6,0.7,3,8,100,0.7,11.694363992172212,11.154794520547945,median,11.154794520547945,0.2383421202185792
rel0p0060_fy0p8000_pq0p0000_fl0p0000_fs1p0000_mu0p9700_j0p2500_c0p9300_xs0p8000,0.006,0.8,0.8,0,0,1,0.97,0.25,0.93,0.6,0.8,0.6,0.8,3,9,100,0.98,9.363796477495107,9.408219178082192,median,9.408219178082192,0.020307857923497253
rel0p0060_fy0p8000_pq0p0000_fl0p0000_fs1p0000_mu0p9700_j0p2500_c0p9300_xs0p9000,0.006,0.9,0.8,0,0,1,0.97,0.25,0.93,0.6,0.9,0.6,0.9,3,10,100,1,7.984958904109589,7.997260273972603,median,7.997260273972603,0
rel0p0060_fy0p8000_pq0p0000_fl0p0000_fs1p0000_mu0p9700_j0p2500_c0p9300_xs1p0000,0.006,1,0.8,0,0,1,0.97,0.25,0.93,0.6,1,0.6,1,3,11,100,1,6.750219178082192,6.704109589041096,median,6.704109589041096,0
rel0p0080_fy0p8000_pq0p0000_fl0p0000_fs1p0000_mu0p9700_j0p2500_c0p9300_xs0p0000,0.008,0,0.8,0,0,1,0.97,0.25,0.93,0.8,0,0.8,0,4,1,100,0,,,median,,0.8126195655737705
rel0p0080_fy0p8000_pq0p0000_fl0p0000_fs1p0000_mu0p9700_j0p2500_c0p9300_xs0p1000,0.008,0.1,0.8,0,0,1,0.97,0.25,0.93,0.8,0.1,0.8,0.1,4,2,100,0,,,median,,0.7895157459016393
rel0p0080_fy0p8000_pq0p0000_fl0p0000_fs1p0000_mu0p9700_j0p2500_c0p9300_xs0p2000,0.008,0.2,0.8,0,0,1,0.97,0.25,0.93,0.8,0.2,0.8,0.2,4,3,100,0,,,median,,0.7402088169398907
rel0p0080_fy0p8000_pq0p0000_fl0p0000_fs1p0000_mu0p9700_j0p2500_c0p9300_xs0p3000,0.008,0.3,0.8,0,0,1,0.97,0.25,0.93,0.8,0.3,0.8,0.3,4,4,100,0,,,median,,0.6745646584699454
rel0p0080_fy0p8000_pq0p0000_fl0p0000_fs1p0000_mu0p9700_j0p2500_c0p9300_xs0p4000,0.008,0.4,0.8,0,0,1,0.97,0.25,0.93,0.8,0.4,0.8,0.4,4,5,100,0.04,18.90205479452055,18.326027397260276,median,,0.6594678169398908
rel0p0080_fy0p8000_pq0p0000_fl0p0000_fs1p0000_mu0p9700_j0p2500_c0p9300_xs0p5000,0.008,0.5,0.8,0,0,1,0.97,0.25,0.93,0.8,0.5,0.8,0.5,4,6,100,0.49,14.007212748112943,13.326027397260274,median,,0.374864043715847
rel0p0080_fy0p8000_pq0p0000_fl0p0000_fs1p0000_mu0p9700_j0p2500_c0p9300_xs0p6000,0.008,0.6,0.8,0,0,1,0.97,0.25,0.93,0.8,0.6,0.8,0.6,4,7,100,0.71,11.189619911248311,10.98904109589041,median,10.98904109589041,0.2547119016393443
rel0p0080_fy0p8000_pq0p0000_fl0p0000_fs1p0000_mu0p9700_j0p2500_c0p9300_xs0p7000,0.008,0.7,0.8,0,0,1,0.97,0.25,0.93,0.8,0.7,0.8,0.7,4,8,100,1,9.499753424657534,9.426027397260274,median,9.426027397260274,0
rel0p0080_fy0p8000_pq0p0000_fl0p0000_fs1p0000_mu0p9700_j0p2500_c0p9300_xs0p8000,0.008,0.8,0.8,0,0,1,0.97,0.25,0.93,0.8,0.8,0.8,0.8,4,9,100,0.99,8.174290853742908,8.156164383561643,median,8.156164383561643,0.010007655737704922
rel0p0080_fy0p8000_pq0p0000_fl0p0000_fs1p0000_mu0p9700_j0p2500_c0p9300_xs0p9000,0.008,0.9,0.8,0,0,1,0.97,0.25,0.93,0.8,0.9,0.8,0.9,4,10,100,1,7.068739726027397,7.0397260273972595,median,7.0397260273972595,0
rel0p0080_fy0p8000_pq0p0000_fl0p0000_fs1p0000_mu0p9700_j0p2500_c0p9300_xs1p0000,0.008,1,0.8,0,0,1,0.97,0.25,0.93,0.8,1,0.8,1,4,11,100,1,6.124109589041096,6.115068493150685,median,6.115068493150685,0
rel0p0100_fy0p8000_pq0p0000_fl0p0000_fs1p0000_mu0p9700_j0p2500_c0p9300_xs0p0000,0.01,0,0.8,0,0,1,0.97,0.25,0.93,1,0,1,0,5,1,100,0,,,median,,0.7497169863387978
rel0p0100_fy0p8000_pq0p0000_fl0p0000_fs1p0000_mu0p9700_j0p2500_c0p9300_xs0p1000,0.01,0.1,0.8,0,0,1,0.97,0.25,0.93,1,0.1,1,0.1,5,2,100,0.01,39.364383561643834,39.364383561643834,median,,0.7218452267759563
rel0p0100_fy0p8000_pq0p0000_fl0p0000_fs1p0000_mu0p9700_j0p2500_c0p9300_xs0p2000,0.01,0.2,0.8,0,0,1,0.97,0.25,0.93,1,0.2,1,0.2,5,3,100,0.02,34.295890410958904,34.295890410958904,median,,0.6464187213114754
rel0p0100_fy0p8000_pq0p0000_fl0p0000_fs1p0000_mu0p9700_j0p2500_c0p9300_xs0p3000,0.01,0.3,0.8,0,0,1,0.97,0.25,0.93,1,0.3,1,0.3,5,4,100,0.12,17.856849315068494,17.295890410958904,median,,0.5705617622950819
rel0p0100_fy0p8000_pq0p0000_fl0p0000_fs1p0000_mu0p9700_j0p2500_c0p9300_xs0p4000,0.01,0.4,0.8,0,0,1,0.97,0.25,0.93,1,0.4,1,0.4,5,5,100,0.36,13.867884322678844,13.063013698630137,median,,0.47535162841530054
rel0p0100_fy0p8000_pq0p0000_fl0p0000_fs1p0000_mu0p9700_j0p2500_c0p9300_xs0p5000,0.01,0.5,0.8,0,0,1,0.97,0.25,0.93,1,0.5,1,0.5,5,6,100,0.8,11.127157534246574,10.934246575342465,median,10.934246575342465,0.16771889344262295
rel0p0100_fy0p8000_pq0p0000_fl0p0000_fs1p0000_mu0p9700_j0p2500_c0p9300_xs0p6000,0.01,0.6,0.8,0,0,1,0.97,0.25,0.93,1,0.6,1,0.6,5,7,100,0.99,9.536488169364882,9.550684931506849,median,9.550684931506849,0.01025260109289618
rel0p0100_fy0p8000_pq0p0000_fl0p0000_fs1p0000_mu0p9700_j0p2500_c0p9300_xs0p7000,0.01,0.7,0.8,0,0,1,0.97,0.25,0.93,1,0.7,1,0.7,5,8,100,1,8.493232876712328,8.463013698630137,median,8.463013698630137,0
rel0p0100_fy0p8000_pq0p0000_fl0p0000_fs1p0000_mu0p9700_j0p2500_c0p9300_xs0p8000,0.01,0.8,0.8,0,0,1,0.97,0.25,0.93,1,0.8,1,0.8,5,9,100,1,7.383123287671233,7.383561643835616,median,7.383561643835616,0
rel0p0100_fy0p8000_pq0p0000_fl0p0000_fs1p0000_mu0p9700_j0p2500_c0p9300_xs0p9000,0.01,0.9,0.8,0,0,1,0.97,0.25,0.93,1,0.9,1,0.9,5,10,100,1,6.524465753424658,6.515068493150685,median,6.515068493150685,0
rel0p0100_fy0p8000_pq0p0000_fl0p0000_fs1p0000_mu0p9700_j0p2500_c0p9300_xs1p0000,0.01,1,0.8,0,0,1,0.97,0.25,0.93,1,1,1,1,5,11,100,1,5.665726027397261,5.667123287671233,median,5.667123287671233,0
rel0p0120_fy0p8000_pq0p0000_fl0p0000_fs1p0000_mu0p9700_j0p2500_c0p9300_xs0p0000,0.012,0,0.8,0,0,1,0.97,0.25,0.93,1.2,0,1.2,0,6,1,100,0,,,median,,0.7064251092896175
rel0p0120_fy0p8000_pq0p0000_fl0p0000_fs1p0000_mu0p9700_j0p2500_c0p9300_xs0p1000,0.012,0.1,0.8,0,0,1,0.97,0.25,0.93,1.2,0.1,1.2,0.1,6,2,100,0.02,29.7972602739726,29.7972602739726,median,,0.6618110491803278
rel0p0120_fy0p8000_pq0p0000_fl0p0000_fs1p0000_mu0p9700_j0p2500_c0p9300_xs0p2000,0.012,0.2,0.8,0,0,1,0.97,0.25,0.93,1.2,0.2,1.2,0.2,6,3,100,0.11,15.496139476961394,15.764383561643836,median,,0.5765848825136612
rel0p0120_fy0p8000_pq0p0000_fl0p0000_fs1p0000_mu0p9700_j0p2500_c0p9300_xs0p3000,0.012,0.3,0.8,0,0,1,0.97,0.25,0.93,1.2,0.3,1.2,0.3,6,4,100,0.35,13.937142857142858,12.69041095890411,median,,0.4493099043715847
rel0p0120_fy0p8000_pq0p0000_fl0p0000_fs1p0000_mu0p9700_j0p2500_c0p9300_xs0p4000,0.012,0.4,0.8,0,0,1,0.97,0.25,0.93,1.2,0.4,1.2,0.4,6,5,100,0.79,11.156164383561643,11.008219178082191,median,11.008219178082191,0.1884235546448088
rel0p0120_fy0p8000_pq0p0000_fl0p0000_fs1p0000_mu0p9700_j0p2500_c0p9300_xs0p5000,0.012,0.5,0.8,0,0,1,0.97,0.25,0.93,1.2,0.5,1.2,0.5,6,6,100,0.99,9.7208800332088,9.764383561643836,median,9.764383561643836,0.01030547267759563
rel0p0120_fy0p8000_pq0p0000_fl0p0000_fs1p0000_mu0p9700_j0p2500_c0p9300_xs0p6000,0.012,0.6,0.8,0,0,1,0.97,0.25,0.93,1.2,0.6,1.2,0.6,6,7,100,1,8.7433698630137,8.752054794520546,median,8.752054794520546,0
rel0p0120_fy0p8000_pq0p0000_fl0p0000_fs1p0000_mu0p9700_j0p2500_c0p9300_xs0p7000,0.012,0.7,0.8,0,0,1,0.97,0.25,0.93,1.2,0.7,1.2,0.7,6,8,100,1,7.729260273972603,7.742465753424658,median,7.742465753424658,0
rel0p0120_fy0p8000_pq0p0000_fl0p0000_fs1p0000_mu0p9700_j0p2500_c0p9300_xs0p8000,0.012,0.8,0.8,0,0,1,0.97,0.25,0.93,1.2,0.8,1.2,0.8,6,9,100,1,6.829808219178082,6.813698630136987,median,6.813698630136987,0
rel0p0120_fy0p8000_pq0p0000_fl0p0000_fs1p0000_mu0p9700_j0p2500_c0p9300_xs0p9000,0.012,0.9,0.8,0,0,1,0.97,0.25,0.93,1.2,0.9,1.2,0.9,6,10,100,1,6.024082191780822,6.016438356164383,median,6.016438356164383,0
rel0p0120_fy0p8000_pq0p0000_fl0p0000_fs1p0000_mu0p9700_j0p2500_c0p9300_xs1p0000,0.012,1,0.8,0,0,1,0.97,0.25,0.93,1.2,1,1.2,1,6,11,100,1,5.310520547945205,5.315068493150685,median,5.315068493150685,0
rel0p0140_fy0p8000_pq0p0000_fl0p0000_fs1p0000_mu0p9700_j0p2500_c0p9300_xs0p0000,0.014,0,0.8,0,0,1,0.97,0.25,0.93,1.4000000000000001,0,1.4,0,7,1,100,0,,,median,,0.6852958606557377
rel0p0140_fy0p8000_pq0p0000_fl0p0000_fs1p0000_mu0p9700_j0p2500_c0p9300_xs0p1000,0.014,0.1,0.8,0,0,1,0.97,0.25,0.93,1.4000000000000001,0.1,1.4,0.1,7,2,100,0.14,16.856360078277888,16.5,median,,0.5617731830601093
rel0p0140_fy0p8000_pq0p0000_fl0p0000_fs1p0000_mu0p9700_j0p2500_c0p9300_xs0p2000,0.014,0.2,0.8,0,0,1,0.97,0.25,0.93,1.4000000000000001,0.2,1.4,0.2,7,3,100,0.37,13.306701221769716,12.58904109589041,median,,0.4621724672131148
rel0p0140_fy0p8000_pq0p0000_fl0p0000_fs1p0000_mu0p9700_j0p2500_c0p9300_xs0p3000,0.014,0.3,0.8,0,0,1,0.97,0.25,0.93,1.4000000000000001,0.3,1.4,0.3,7,4,100,0.76,11.083129055515501,10.81917808219178,median,10.81917808219178,0.21555709289617492
rel0p0140_fy0p8000_pq0p0000_fl0p0000_fs1p0000_mu0p9700_j0p2500_c0p9300_xs0p4000,0.014,0.4,0.8,0,0,1,0.97,0.25,0.93,1.4000000000000001,0.4,1.4,0.4,7,5,100,0.96,9.758190639269406,9.801369863013697,median,9.801369863013697,0.039934748633879816
rel0p0140_fy0p8000_pq0p0000_fl0p0000_fs1p0000_mu0p9700_j0p2500_c0p9300_xs0p5000,0.014,0.5,0.8,0,0,1,0.97,0.25,0.93,1.4000000000000001,0.5,1.4,0.5,7,6,100,1,8.945616438356165,8.975342465753425,median,8.975342465753425,0
rel0p0140_fy0p8000_pq0p0000_fl0p0000_fs1p0000_mu0p9700_j0p2500_c0p9300_xs0p6000,0.014,0.6,0.8,0,0,1,0.97,0.25,0.93,1.4000000000000001,0.6,1.4,0.6,7,7,100,1,8.015424657534247,8.053424657534247,median,8.053424657534247,0
rel0p0140_fy0p8000_pq0p0000_fl0p0000_fs1p0000_mu0p9700_j0p2500_c0p9300_xs0p7000,0.014,0.7,0.8,0,0,1,0.97,0.25,0.93,1.4000000000000001,0.7,1.4,0.7,7,8,100,1,7.147506849315069,7.087671232876712,median,7.087671232876712,0
rel0p0140_fy0p8000_pq0p0000_fl0p0000_fs1p0000_mu0p9700_j0p2500_c0p9300_xs0p8000,0.014,0.8,0.8,0,0,1,0.97,0.25,0.93,1.4000000000000001,0.8,1.4,0.8,7,9,100,1,6.424657534246576,6.424657534246576,median,6.424657534246576,0
rel0p0140_fy0p8000_pq0p0000_fl0p0000_fs1p0000_mu0p9700_j0p2500_c0p9300_xs0p9000,0.014,0.9,0.8,0,0,1,0.97,0.25,0.93,1.4000000000000001,0.9,1.4,0.9,7,10,100,1,5.743315068493151,5.723287671232876,median,5.723287671232876,0
rel0p0140_fy0p8000_pq0p0000_fl0p0000_fs1p0000_mu0p9700_j0p2500_c0p9300_xs1p0000,0.014,1,0.8,0,0,1,0.97,0.25,0.93,1.4000000000000001,1,1.4,1,7,11,100,1,5.072520547945206,5.061643835616438,median,5.061643835616438,0
rel0p0160_fy0p8000_pq0p0000_fl0p0000_fs1p0000_mu0p9700_j0p2500_c0p9300_xs0p0000,0.016,0,0.8,0,0,1,0.97,0.25,0.93,1.6,0,1.6,0,8,1,100,0.09,19.061187214611873,16.616438356164384,median,,0.5751403907103825
rel0p0160_fy0p8000_pq0p0000_fl0p0000_fs1p0000_mu0p9700_j0p2500_c0p9300_xs0p1000,0.016,0.1,0.8,0,0,1,0.97,0.25,0.93,1.6,0.1,1.6,0.1,8,2,100,0.33,12.341303445413034,11.964383561643835,median,,0.4663941612021858
rel0p0160_fy0p8000_pq0p0000_fl0p0000_fs1p0000_mu0p9700_j0p2500_c0p9300_xs0p2000,0.016,0.2,0.8,0,0,1,0.97,0.25,0.93,1.6,0.2,1.6,0.2,8,3,100,0.78,11.505936073059361,11.220547945205478,median,11.220547945205478,0.18484685245901641
rel0p0160_fy0p8000_pq0p0000_fl0p0000_fs1p0000_mu0p9700_j0p2500_c0p9300_xs0p3000,0.016,0.3,0.8,0,0,1,0.97,0.25,0.93,1.6,0.3,1.6,0.3,8,4,100,0.95,10.017909156452776,9.96986301369863,median,9.96986301369863,0.045853983606557375
rel0p0160_fy0p8000_pq0p0000_fl0p0000_fs1p0000_mu0p9700_j0p2500_c0p9300_xs0p4000,0.016,0.4,0.8,0,0,1,0.97,0.25,0.93,1.6,0.4,1.6,0.4,8,5,100,1,9.068493150684931,9.061643835616438,median,9.061643835616438,0
rel0p0160_fy0p8000_pq0p0000_fl0p0000_fs1p0000_mu0p9700_j0p2500_c0p9300_xs0p5000,0.016,0.5,0.8,0,0,1,0.97,0.25,0.93,1.6,0.5,1.6,0.5,8,6,100,1,8.371068493150684,8.371232876712329,median,8.371232876712329,0
rel0p0160_fy0p8000_pq0p0000_fl0p0000_fs1p0000_mu0p9700_j0p2500_c0p9300_xs0p6000,0.016,0.6,0.8,0,0,1,0.97,0.25,0.93,1.6,0.6,1.6,0.6,8,7,100,1,7.538191780821918,7.531506849315068,median,7.531506849315068,0
rel0p0160_fy0p8000_pq0p0000_fl0p0000_fs1p0000_mu0p9700_j0p2500_c0p9300_xs0p7000,0.016,0.7,0.8,0,0,1,0.97,0.25,0.93,1.6,0.7,1.6,0.7,8,8,100,1,6.783424657534247,6.80958904109589,median,6.80958904109589,0
rel0p0160_fy0p8000_pq0p0000_fl0p0000_fs1p0000_mu0p9700_j0p2500_c0p9300_xs0p8000,0.016,0.8,0.8,0,0,1,0.97,0.25,0.93,1.6,0.8,1.6,0.8,8,9,100,1,6.060712328767123,6.0328767123287665,median,6.0328767123287665,0
rel0p0160_fy0p8000_pq0p0000_fl0p0000_fs1p0000_mu0p9700_j0p2500_c0p9300_xs0p9000,0.016,0.9,0.8,0,0,1,0.97,0.25,0.93,1.6,0.9,1.6,0.9,8,10,100,1,5.431232876712329,5.4082191780821915,median,5.4082191780821915,0
rel0p0160_fy0p8000_pq0p0000_fl0p0000_fs1p0000_mu0p9700_j0p2500_c0p9300_xs1p0000,0.016,1,0.8,0,0,1,0.97,0.25,0.93,1.6,1,1.6,1,8,11,100,1,4.810438356164384,4.808219178082192,median,4.808219178082192,0
rel0p0180_fy0p8000_pq0p0000_fl0p0000_fs1p0000_mu0p9700_j0p2500_c0p9300_xs0p0000,0.018,0,0.8,0,0,1,0.97,0.25,0.93,1.7999999999999998,0,1.8,0,9,1,100,0.32,13.944691780821918,13.124657534246577,median,,0.5058525027322405
rel0p0180_fy0p8000_pq0p0000_fl0p0000_fs1p0000_mu0p9700_j0p2500_c0p9300_xs0p1000,0.018,0.1,0.8,0,0,1,0.97,0.25,0.93,1.7999999999999998,0.1,1.8,0.1,9,2,100,0.67,11.571089756695972,11.057534246575342,median,11.057534246575342,0.27726921584699454
rel0p0180_fy0p8000_pq0p0000_fl0p0000_fs1p0000_mu0p9700_j0p2500_c0p9300_xs0p2000,0.018,0.2,0.8,0,0,1,0.97,0.25,0.93,1.7999999999999998,0.2,1.8,0.2,9,3,100,0.94,10.164587583794813,10.084931506849315,median,10.084931506849315,0.05689643442622952
rel0p0180_fy0p8000_pq0p0000_fl0p0000_fs1p0000_mu0p9700_j0p2500_c0p9300_xs0p3000,0.018,0.3,0.8,0,0,1,0.97,0.25,0.93,1.7999999999999998,0.3,1.8,0.3,9,4,100,1,9.296191780821918,9.315068493150685,median,9.315068493150685,0
rel0p0180_fy0p8000_pq0p0000_fl0p0000_fs1p0000_mu0p9700_j0p2500_c0p9300_xs0p4000,0.018,0.4,0.8,0,0,1,0.97,0.25,0.93,1.7999999999999998,0.4,1.8,0.4,9,5,100,1,8.542712328767124,8.532876712328767,median,8.532876712328767,0
rel0p0180_fy0p8000_pq0p0000_fl0p0000_fs1p0000_mu0p9700_j0p2500_c0p9300_xs0p5000,0.018,0.5,0.8,0,0,1,0.97,0.25,0.93,1.7999999999999998,0.5,1.8,0.5,9,6,100,1,7.75372602739726,7.7164383561643834,median,7.7164383561643834,0
rel0p0180_fy0p8000_pq0p0000_fl0p0000_fs1p0000_mu0p9700_j0p2500_c0p9300_xs0p6000,0.018,0.6,0.8,0,0,1,0.97,0.25,0.93,1.7999999999999998,0.6,1.8,0.6,9,7,100,1,7.062849315068493,7.0397260273972595,median,7.0397260273972595,0
rel0p0180_fy0p8000_pq0p0000_fl0p0000_fs1p0000_mu0p9700_j0p2500_c0p9300_xs0p7000,0.018,0.7,0.8,0,0,1,0.97,0.25,0.93,1.7999999999999998,0.7,1.8,0.7,9,8,100,1,6.369698630136987,6.367123287671233,median,6.367123287671233,0
rel0p0180_fy0p8000_pq0p0000_fl0p0000_fs1p0000_mu0p9700_j0p2500_c0p9300_xs0p8000,0.018,0.8,0.8,0,0,1,0.97,0.25,0.93,1.7999999999999998,0.8,1.8,0.8,9,9,100,1,5.830465753424657,5.813698630136987,median,5.813698630136987,0
rel0p0180_fy0p8000_pq0p0000_fl0p0000_fs1p0000_mu0p9700_j0p2500_c0p9300_xs0p9000,0.018,0.9,0.8,0,0,1,0.97,0.25,0.93,1.7999999999999998,0.9,1.8,0.9,9,10,100,1,5.196876712328767,5.223287671232876,median,5.223287671232876,0
rel0p0180_fy0p8000_pq0p0000_fl0p0000_fs1p0000_mu0p9700_j0p2500_c0p9300_xs1p0000,0.018,1,0.8,0,0,1,0.97,0.25,0.93,1.7999999999999998,1,1.8,1,9,11,100,1,4.663616438356164,4.6657534246575345,median,4.6657534246575345,0
rel0p0200_fy0p8000_pq0p0000_fl0p0000_fs1p0000_mu0p9700_j0p2500_c0p9300_xs0p0000,0.02,0,0.8,0,0,1,0.97,0.25,0.93,2,0,2,0,10,1,100,0.6,11.601826484018265,11.454794520547946,median,11.454794520547946,0.3295498060109289
rel0p0200_fy0p8000_pq0p0000_fl0p0000_fs1p0000_mu0p9700_j0p2500_c0p9300_xs0p1000,0.02,0.1,0.8,0,0,1,0.97,0.25,0.93,2,0.1,2,0.1,10,2,100,0.97,10.387685355175822,10.227397260273973,median,10.227397260273973,0.02982801639344266
rel0p0200_fy0p8000_pq0p0000_fl0p0000_fs1p0000_mu0p9700_j0p2500_c0p9300_xs0p2000,0.02,0.2,0.8,0,0,1,0.97,0.25,0.93,2,0.2,2,0.2,10,3,100,1,9.432739726027398,9.397260273972602,median,9.397260273972602,0
rel0p0200_fy0p8000_pq0p0000_fl0p0000_fs1p0000_mu0p9700_j0p2500_c0p9300_xs0p3000,0.02,0.3,0.8,0,0,1,0.97,0.25,0.93,2,0.3,2,0.3,10,4,100,1,8.779506849315068,8.7986301369863,median,8.7986301369863,0
rel0p0200_fy0p8000_pq0p0000_fl0p0000_fs1p0000_mu0p9700_j0p2500_c0p9300_xs0p4000,0.02,0.4,0.8,0,0,1,0.97,0.25,0.93,2,0.4,2,0.4,10,5,100,1,8.020109589041096,7.980821917808219,median,7.980821917808219,0
rel0p0200_fy0p8000_pq0p0000_fl0p0000_fs1p0000_mu0p9700_j0p2500_c0p9300_xs0p5000,0.02,0.5,0.8,0,0,1,0.97,0.25,0.93,2,0.5,2,0.5,10,6,100,1,7.3547671232876715,7.367123287671233,median,7.367123287671233,0
rel0p0200_fy0p8000_pq0p0000_fl0p0000_fs1p0000_mu0p9700_j0p2500_c0p9300_xs0p6000,0.02,0.6,0.8,0,0,1,0.97,0.25,0.93,2,0.6,2,0.6,10,7,100,1,6.691589041095891,6.66986301369863,median,6.66986301369863,0
rel0p0200_fy0p8000_pq0p0000_fl0p0000_fs1p0000_mu0p9700_j0p2500_c0p9300_xs0p7000,0.02,0.7,0.8,0,0,1,0.97,0.25,0.93,2,0.7,2,0.7,10,8,100,1,6.147287671232877,6.136986301369863,median,6.136986301369863,0
rel0p0200_fy0p8000_pq0p0000_fl0p0000_fs1p0000_mu0p9700_j0p2500_c0p9300_xs0p8000,0.02,0.8,0.8,0,0,1,0.97,0.25,0.93,2,0.8,2,0.8,10,9,100,1,5.547123287671233,5.549315068493151,median,5.549315068493151,0
rel0p0200_fy0p8000_pq0p0000_fl0p0000_fs1p0000_mu0p9700_j0p2500_c0p9300_xs0p9000,0.02,0.9,0.8,0,0,1,0.97,0.25,0.93,2,0.9,2,0.9,10,10,100,1,5.011917808219178,5.010958904109589,median,5.010958904109589,0
rel0p0200_fy0p8000_pq0p0000_fl0p0000_fs1p0000_mu0p9700_j0p2500_c0p9300_xs1p0000,0.02,1,0.8,0,0,1,0.97,0.25,0.93,2,1,2,1,10,11,100,1,4.517205479452055,4.52054794520548,median,4.52054794520548,0
rel0p0220_fy0p8000_pq0p0000_fl0p0000_fs1p0000_mu0p9700_j0p2500_c0p9300_xs0p0000,0.022,0,0.8,0,0,1,0.97,0.25,0.93,2.1999999999999997,0,2.2,0,11,1,100,0.89,10.598768662459596,10.263013698630138,median,10.263013698630138,0.1079934180327869
rel0p0220_fy0p8000_pq0p0000_fl0p0000_fs1p0000_mu0p9700_j0p2500_c0p9300_xs0p1000,0.022,0.1,0.8,0,0,1,0.97,0.25,0.93,2.1999999999999997,0.1,2.2,0.1,11,2,100,1,9.565150684931506,9.51095890410959,median,9.51095890410959,0
rel0p0220_fy0p8000_pq0p0000_fl0p0000_fs1p0000_mu0p9700_j0p2500_c0p9300_xs0p2000,0.022,0.2,0.8,0,0,1,0.97,0.25,0.93,2.1999999999999997,0.2,2.2,0.2,11,3,100,1,8.914575342465753,8.932876712328767,median,8.932876712328767,0
rel0p0220_fy0p8000_pq0p0000_fl0p0000_fs1p0000_mu0p9700_j0p2500_c0p9300_xs0p3000,0.022,0.3,0.8,0,0,1,0.97,0.25,0.93,2.1999999999999997,0.3,2.2,0.3,11,4,100,1,8.277232876712329,8.295890410958904,median,8.295890410958904,0
rel0p0220_fy0p8000_pq0p0000_fl0p0000_fs1p0000_mu0p9700_j0p2500_c0p9300_xs0p4000,0.022,0.4,0.8,0,0,1,0.97,0.25,0.93,2.1999999999999997,0.4,2.2,0.4,11,5,100,1,7.564794520547945,7.565753424657535,median,7.565753424657535,0
rel0p0220_fy0p8000_pq0p0000_fl0p0000_fs1p0000_mu0p9700_j0p2500_c0p9300_xs0p5000,0.022,0.5,0.8,0,0,1,0.97,0.25,0.93,2.1999999999999997,0.5,2.2,0.5,11,6,100,1,6.984904109589041,6.993150684931507,median,6.993150684931507,0
rel0p0220_fy0p8000_pq0p0000_fl0p0000_fs1p0000_mu0p9700_j0p2500_c0p9300_xs0p6000,0.022,0.6,0.8,0,0,1,0.97,0.25,0.93,2.1999999999999997,0.6,2.2,0.6,11,7,100,1,6.411205479452055,6.416438356164384,median,6.416438356164384,0
rel0p0220_fy0p8000_pq0p0000_fl0p0000_fs1p0000_mu0p9700_j0p2500_c0p9300_xs0p7000,0.022,0.7,0.8,0,0,1,0.97,0.25,0.93,2.1999999999999997,0.7,2.2,0.7,11,8,100,1,5.887342465753425,5.856164383561644,median,5.856164383561644,0
rel0p0220_fy0p8000_pq0p0000_fl0p0000_fs1p0000_mu0p9700_j0p2500_c0p9300_xs0p8000,0.022,0.8,0.8,0,0,1,0.97,0.25,0.93,2.1999999999999997,0.8,2.2,0.8,11,9,100,1,5.352876712328767,5.352054794520548,median,5.352054794520548,0
rel0p0220_fy0p8000_pq0p0000_fl0p0000_fs1p0000_mu0p9700_j0p2500_c0p9300_xs0p9000,0.022,0.9,0.8,0,0,1,0.97,0.25,0.93,2.1999999999999997,0.9,2.2,0.9,11,10,100,1,4.842,4.847945205479451,median,4.847945205479451,0
rel0p0220_fy0p8000_pq0p0000_fl0p0000_fs1p0000_mu0p9700_j0p2500_c0p9300_xs1p0000,0.022,1,0.8,0,0,1,0.97,0.25,0.93,2.1999999999999997,1,2.2,1,11,11,100,1,4.37213698630137,4.365753424657534,median,4.365753424657534,0
rel0p0240_fy0p8000_pq0p0000_fl0p0000_fs1p0000_mu0p9700_j0p2500_c0p9300_xs0p0000,0.024,0,0.8,0,0,1,0.97,0.25,0.93,2.4,0,2.4,0,12,1,100,0.99,9.795682855956828,9.778082191780822,median,9.778082191780822,0.009911565573770495
rel0p0240_fy0p8000_pq0p0000_fl0p0000_fs1p0000_mu0p9700_j0p2500_c0p9300_xs0p1000,0.024,0.1,0.8,0,0,1,0.97,0.25,0.93,2.4,0.1,2.4,0.1,12,2,100,1,9.101068493150684,9.082191780821919,median,9.082191780821919,0
rel0p0240_fy0p8000_pq0p0000_fl0p0000_fs1p0000_mu0p9700_j0p2500_c0p9300_xs0p2000,0.024,0.2,0.8,0,0,1,0.97,0.25,0.93,2.4,0.2,2.4,0.2,12,3,100,1,8.470082191780822,8.495890410958904,median,8.495890410958904,0
rel0p0240_fy0p8000_pq0p0000_fl0p0000_fs1p0000_mu0p9700_j0p2500_c0p9300_xs0p3000,0.024,0.3,0.8,0,0,1,0.97,0.25,0.93,2.4,0.3,2.4,0.3,12,4,100,1,7.884301369863014,7.873972602739726,median,7.873972602739726,0
rel0p0240_fy0p8000_pq0p0000_fl0p0000_fs1p0000_mu0p9700_j0p2500_c0p9300_xs0p4000,0.024,0.4,0.8,0,0,1,0.97,0.25,0.93,2.4,0.4,2.4,0.4,12,5,100,1,7.255095890410959,7.260273972602739,median,7.260273972602739,0
rel0p0240_fy0p8000_pq0p0000_fl0p0000_fs1p0000_mu0p9700_j0p2500_c0p9300_xs0p5000,0.024,0.5,0.8,0,0,1,0.97,0.25,0.93,2.4,0.5,2.4,0.5,12,6,100,1,6.707424657534246,6.735616438356164,median,6.735616438356164,0
rel0p0240_fy0p8000_pq0p0000_fl0p0000_fs1p0000_mu0p9700_j0p2500_c0p9300_xs0p6000,0.024,0.6,0.8,0,0,1,0.97,0.25,0.93,2.4,0.6,2.4,0.6,12,7,100,1,6.196520547945205,6.176712328767124,median,6.176712328767124,0
rel0p0240_fy0p8000_pq0p0000_fl0p0000_fs1p0000_mu0p9700_j0p2500_c0p9300_xs0p7000,0.024,0.7,0.8,0,0,1,0.97,0.25,0.93,2.4,0.7,2.4,0.7,12,8,100,1,5.6707397260273975,5.645205479452055,median,5.645205479452055,0
rel0p0240_fy0p8000_pq0p0000_fl0p0000_fs1p0000_mu0p9700_j0p2500_c0p9300_xs0p8000,0.024,0.8,0.8,0,0,1,0.97,0.25,0.93,2.4,0.8,2.4,0.8,12,9,100,1,5.1535890410958904,5.14931506849315,median,5.14931506849315,0
rel0p0240_fy0p8000_pq0p0000_fl0p0000_fs1p0000_mu0p9700_j0p2500_c0p9300_xs0p9000,0.024,0.9,0.8,0,0,1,0.97,0.25,0.93,2.4,0.9,2.4,0.9,12,10,100,1,4.694383561643836,4.693150684931507,median,4.693150684931507,0
rel0p0240_fy0p8000_pq0p0000_fl0p0000_fs1p0000_mu0p9700_j0p2500_c0p9300_xs1p0000,0.024,1,0.8,0,0,1,0.97,0.25,0.93,2.4,1,2.4,1,12,11,100,1,4.2693150684931505,4.258904109589041,median,4.258904109589041,0
rel0p0260_fy0p8000_pq0p0000_fl0p0000_fs1p0000_mu0p9700_j0p2500_c0p9300_xs0p0000,0.026,0,0.8,0,0,1,0.97,0.25,0.93,2.6,0,2.6,0,13,1,100,1,9.198191780821917,9.165753424657535,median,9.165753424657535,0
rel0p0260_fy0p8000_pq0p0000_fl0p0000_fs1p0000_mu0p9700_j0p2500_c0p9300_xs0p1000,0.026,0.1,0.8,0,0,1,0.97,0.25,0.93,2.6,0.1,2.6,0.1,13,2,100,1,8.68386301369863,8.668493150684931,median,8.668493150684931,0
rel0p0260_fy0p8000_pq0p0000_fl0p0000_fs1p0000_mu0p9700_j0p2500_c0p9300_xs0p2000,0.026,0.2,0.8,0,0,1,0.97,0.25,0.93,2.6,0.2,2.6,0.2,13,3,100,1,8.062575342465754,8.05890410958904,median,8.05890410958904,0
rel0p0260_fy0p8000_pq0p0000_fl0p0000_fs1p0000_mu0p9700_j0p2500_c0p9300_xs0p3000,0.026,0.3,0.8,0,0,1,0.97,0.25,0.93,2.6,0.3,2.6,0.3,13,4,100,1,7.511753424657535,7.5041095890410965,median,7.5041095890410965,0
rel0p0260_fy0p8000_pq0p0000_fl0p0000_fs1p0000_mu0p9700_j0p2500_c0p9300_xs0p4000,0.026,0.4,0.8,0,0,1,0.97,0.25,0.93,2.6,0.4,2.6,0.4,13,5,100,1,7.032164383561644,6.9958904109589035,median,6.9958904109589035,0
rel0p0260_fy0p8000_pq0p0000_fl0p0000_fs1p0000_mu0p9700_j0p2500_c0p9300_xs0p5000,0.026,0.5,0.8,0,0,1,0.97,0.25,0.93,2.6,0.5,2.6,0.5,13,6,100,1,6.440191780821918,6.438356164383562,median,6.438356164383562,0
rel0p0260_fy0p8000_pq0p0000_fl0p0000_fs1p0000_mu0p9700_j0p2500_c0p9300_xs0p6000,0.026,0.6,0.8,0,0,1,0.97,0.25,0.93,2.6,0.6,2.6,0.6,13,7,100,1,5.947232876712329,5.950684931506849,median,5.950684931506849,0
rel0p0260_fy0p8000_pq0p0000_fl0p0000_fs1p0000_mu0p9700_j0p2500_c0p9300_xs0p7000,0.026,0.7,0.8,0,0,1,0.97,0.25,0.93,2.6,0.7,2.6,0.7,13,8,100,1,5.490931506849315,5.505479452054795,median,5.505479452054795,0
rel0p0260_fy0p8000_pq0p0000_fl0p0000_fs1p0000_mu0p9700_j0p2500_c0p9300_xs0p8000,0.026,0.8,0.8,0,0,1,0.97,0.25,0.93,2.6,0.8,2.6,0.8,13,9,100,1,5.028301369863014,5.013698630136986,median,5.013698630136986,0
rel0p0260_fy0p8000_pq0p0000_fl0p0000_fs1p0000_mu0p9700_j0p2500_c0p9300_xs0p9000,0.026,0.9,0.8,0,0,1,0.97,0.25,0.93,2.6,0.9,2.6,0.9,13,10,100,1,4.571534246575342,4.579452054794521,median,4.579452054794521,0
rel0p0260_fy0p8000_pq0p0000_fl0p0000_fs1p0000_mu0p9700_j0p2500_c0p9300_xs1p0000,0.026,1,0.8,0,0,1,0.97,0.25,0.93,2.6,1,2.6,1,13,11,100,1,4.157479452054795,4.154794520547945,median,4.154794520547945,0
rel0p0280_fy0p8000_pq0p0000_fl0p0000_fs1p0000_mu0p9700_j0p2500_c0p9300_xs0p0000,0.028,0,0.8,0,0,1,0.97,0.25,0.93,2.8000000000000003,0,2.8,0,14,1,100,1,8.823589041095891,8.82054794520548,median,8.82054794520548,0
rel0p0280_fy0p8000_pq0p0000_fl0p0000_fs1p0000_mu0p9700_j0p2500_c0p9300_xs0p1000,0.028,0.1,0.8,0,0,1,0.97,0.25,0.93,2.8000000000000003,0.1,2.8,0.1,14,2,100,1,8.245972602739727,8.221917808219178,median,8.221917808219178,0
rel0p0280_fy0p8000_pq0p0000_fl0p0000_fs1p0000_mu0p9700_j0p2500_c0p9300_xs0p2000,0.028,0.2,0.8,0,0,1,0.97,0.25,0.93,2.8000000000000003,0.2,2.8,0.2,14,3,100,1,7.749150684931507,7.745205479452055,median,7.745205479452055,0
rel0p0280_fy0p8000_pq0p0000_fl0p0000_fs1p0000_mu0p9700_j0p2500_c0p9300_xs0p3000,0.028,0.3,0.8,0,0,1,0.97,0.25,0.93,2.8000000000000003,0.3,2.8,0.3,14,4,100,1,7.19027397260274,7.223287671232876,median,7.223287671232876,0
rel0p0280_fy0p8000_pq0p0000_fl0p0000_fs1p0000_mu0p9700_j0p2500_c0p9300_xs0p4000,0.028,0.4,0.8,0,0,1,0.97,0.25,0.93,2.8000000000000003,0.4,2.8,0.4,14,5,100,1,6.736082191780822,6.713698630136987,median,6.713698630136987,0
rel0p0280_fy0p8000_pq0p0000_fl0p0000_fs1p0000_mu0p9700_j0p2500_c0p9300_xs0p5000,0.028,0.5,0.8,0,0,1,0.97,0.25,0.93,2.8000000000000003,0.5,2.8,0.5,14,6,100,1,6.232630136986302,6.2095890410958905,median,6.2095890410958905,0
rel0p0280_fy0p8000_pq0p0000_fl0p0000_fs1p0000_mu0p9700_j0p2500_c0p9300_xs0p6000,0.028,0.6,0.8,0,0,1,0.97,0.25,0.93,2.8000000000000003,0.6,2.8,0.6,14,7,100,1,5.749260273972602,5.764383561643836,median,5.764383561643836,0
rel0p0280_fy0p8000_pq0p0000_fl0p0000_fs1p0000_mu0p9700_j0p2500_c0p9300_xs0p7000,0.028,0.7,0.8,0,0,1,0.97,0.25,0.93,2.8000000000000003,0.7,2.8,0.7,14,8,100,1,5.30813698630137,5.301369863013699,median,5.301369863013699,0
rel0p0280_fy0p8000_pq0p0000_fl0p0000_fs1p0000_mu0p9700_j0p2500_c0p9300_xs0p8000,0.028,0.8,0.8,0,0,1,0.97,0.25,0.93,2.8000000000000003,0.8,2.8,0.8,14,9,100,1,4.874,4.865753424657534,median,4.865753424657534,0
rel0p0280_fy0p8000_pq0p0000_fl0p0000_fs1p0000_mu0p9700_j0p2500_c0p9300_xs0p9000,0.028,0.9,0.8,0,0,1,0.97,0.25,0.93,2.8000000000000003,0.9,2.8,0.9,14,10,100,1,4.452493150684932,4.465753424657534,median,4.465753424657534,0
rel0p0280_fy0p8000_pq0p0000_fl0p0000_fs1p0000_mu0p9700_j0p2500_c0p9300_xs1p0000,0.028,1,0.8,0,0,1,0.97,0.25,0.93,2.8000000000000003,1,2.8,1,14,11,100,1,4.055917808219178,4.041095890410959,median,4.041095890410959,0
rel0p0300_fy0p8000_pq0p0000_fl0p0000_fs1p0000_mu0p9700_j0p2500_c0p9300_xs0p0000,0.03,0,0.8,0,0,1,0.97,0.25,0.93,3,0,3,0,15,1,100,1,8.499260273972602,8.479452054794521,median,8.479452054794521,0
rel0p0300_fy0p8000_pq0p0000_fl0p0000_fs1p0000_mu0p9700_j0p2500_c0p9300_xs0p1000,0.03,0.1,0.8,0,0,1,0.97,0.25,0.93,3,0.1,3,0.1,15,2,100,1,7.990328767123287,8.00958904109589,median,8.00958904109589,0
rel0p0300_fy0p8000_pq0p0000_fl0p0000_fs1p0000_mu0p9700_j0p2500_c0p9300_xs0p2000,0.03,0.2,0.8,0,0,1,0.97,0.25,0.93,3,0.2,3,0.2,15,3,100,1,7.387260273972602,7.375342465753425,median,7.375342465753425,0
rel0p0300_fy0p8000_pq0p0000_fl0p0000_fs1p0000_mu0p9700_j0p2500_c0p9300_xs0p3000,0.03,0.3,0.8,0,0,1,0.97,0.25,0.93,3,0.3,3,0.3,15,4,100,1,6.967260273972602,6.9219178082191775,median,6.9219178082191775,0
rel0p0300_fy0p8000_pq0p0000_fl0p0000_fs1p0000_mu0p9700_j0p2500_c0p9300_xs0p4000,0.03,0.4,0.8,0,0,1,0.97,0.25,0.93,3,0.4,3,0.4,15,5,100,1,6.430410958904109,6.445205479452055,median,6.445205479452055,0
rel0p0300_fy0p8000_pq0p0000_fl0p0000_fs1p0000_mu0p9700_j0p2500_c0p9300_xs0p5000,0.03,0.5,0.8,0,0,1,0.97,0.25,0.93,3,0.5,3,0.5,15,6,100,1,6.054986301369863,6.054794520547945,median,6.054794520547945,0
rel0p0300_fy0p8000_pq0p0000_fl0p0000_fs1p0000_mu0p9700_j0p2500_c0p9300_xs0p6000,0.03,0.6,0.8,0,0,1,0.97,0.25,0.93,3,0.6,3,0.6,15,7,100,1,5.5768219178082195,5.5698630136986305,median,5.5698630136986305,0
rel0p0300_fy0p8000_pq0p0000_fl0p0000_fs1p0000_mu0p9700_j0p2500_c0p9300_xs0p7000,0.03,0.7,0.8,0,0,1,0.97,0.25,0.93,3,0.7,3,0.7,15,8,100,1,5.166602739726027,5.164383561643835,median,5.164383561643835,0
rel0p0300_fy0p8000_pq0p0000_fl0p0000_fs1p0000_mu0p9700_j0p2500_c0p9300_xs0p8000,0.03,0.8,0.8,0,0,1,0.97,0.25,0.93,3,0.8,3,0.8,15,9,100,1,4.74972602739726,4.757534246575343,median,4.757534246575343,0
rel0p0300_fy0p8000_pq0p0000_fl0p0000_fs1p0000_mu0p9700_j0p2500_c0p9300_xs0p9000,0.03,0.9,0.8,0,0,1,0.97,0.25,0.93,3,0.9,3,0.9,15,10,100,1,4.347945205479452,4.346575342465753,median,4.346575342465753,0
rel0p0300_fy0p8000_pq0p0000_fl0p0000_fs1p0000_mu0p9700_j0p2500_c0p9300_xs1p0000,0.03,1,0.8,0,0,1,0.97,0.25,0.93,3,1,3,1,15,11,100,1,3.959068493150685,3.9657534246575343,median,3.9657534246575343,0
rel0p0320_fy0p8000_pq0p0000_fl0p0000_fs1p0000_mu0p9700_j0p2500_c0p9300_xs0p0000,0.032,0,0.8,0,0,1,0.97,0.25,0.93,3.2,0,3.2,0,16,1,100,1,8.175945205479453,8.146575342465754,median,8.146575342465754,0
rel0p0320_fy0p8000_pq0p0000_fl0p0000_fs1p0000_mu0p9700_j0p2500_c0p9300_xs0p1000,0.032,0.1,0.8,0,0,1,0.97,0.25,0.93,3.2,0.1,3.2,0.1,16,2,100,1,7.67827397260274,7.698630136986301,median,7.698630136986301,0
rel0p0320_fy0p8000_pq0p0000_fl0p0000_fs1p0000_mu0p9700_j0p2500_c0p9300_xs0p2000,0.032,0.2,0.8,0,0,1,0.97,0.25,0.93,3.2,0.2,3.2,0.2,16,3,100,1,7.1790958904109585,7.168493150684931,median,7.168493150684931,0
rel0p0320_fy0p8000_pq0p0000_fl0p0000_fs1p0000_mu0p9700_j0p2500_c0p9300_xs0p3000,0.032,0.3,0.8,0,0,1,0.97,0.25,0.93,3.2,0.3,3.2,0.3,16,4,100,1,6.722493150684931,6.7315068493150685,median,6.7315068493150685,0
rel0p0320_fy0p8000_pq0p0000_fl0p0000_fs1p0000_mu0p9700_j0p2500_c0p9300_xs0p4000,0.032,0.4,0.8,0,0,1,0.97,0.25,0.93,3.2,0.4,3.2,0.4,16,5,100,1,6.245917808219178,6.242465753424657,median,6.242465753424657,0
rel0p0320_fy0p8000_pq0p0000_fl0p0000_fs1p0000_mu0p9700_j0p2500_c0p9300_xs0p5000,0.032,0.5,0.8,0,0,1,0.97,0.25,0.93,3.2,0.5,3.2,0.5,16,6,100,1,5.843808219178082,5.863013698630137,median,5.863013698630137,0
rel0p0320_fy0p8000_pq0p0000_fl0p0000_fs1p0000_mu0p9700_j0p2500_c0p9300_xs0p6000,0.032,0.6,0.8,0,0,1,0.97,0.25,0.93,3.2,0.6,3.2,0.6,16,7,100,1,5.469150684931507,5.483561643835616,median,5.483561643835616,0
rel0p0320_fy0p8000_pq0p0000_fl0p0000_fs1p0000_mu0p9700_j0p2500_c0p9300_xs0p7000,0.032,0.7,0.8,0,0,1,0.97,0.25,0.93,3.2,0.7,3.2,0.7,16,8,100,1,5.022219178082191,5.00958904109589,median,5.00958904109589,0
rel0p0320_fy0p8000_pq0p0000_fl0p0000_fs1p0000_mu0p9700_j0p2500_c0p9300_xs0p8000,0.032,0.8,0.8,0,0,1,0.97,0.25,0.93,3.2,0.8,3.2,0.8,16,9,100,1,4.639287671232877,4.619178082191781,median,4.619178082191781,0
rel0p0320_fy0p8000_pq0p0000_fl0p0000_fs1p0000_mu0p9700_j0p2500_c0p9300_xs0p9000,0.032,0.9,0.8,0,0,1,0.97,0.25,0.93,3.2,0.9,3.2,0.9,16,10,100,1,4.257095890410959,4.25068493150685,median,4.25068493150685,0
rel0p0320_fy0p8000_pq0p0000_fl0p0000_fs1p0000_mu0p9700_j0p2500_c0p9300_xs1p0000,0.032,1,0.8,0,0,1,0.97,0.25,0.93,3.2,1,3.2,1,16,11,100,1,3.914876712328767,3.9082191780821915,median,3.9082191780821915,0
rel0p0340_fy0p8000_pq0p0000_fl0p0000_fs1p0000_mu0p9700_j0p2500_c0p9300_xs0p0000,0.034,0,0.8,0,0,1,0.97,0.25,0.93,3.4000000000000004,0,3.4,0,17,1,100,1,7.843589041095891,7.845205479452055,median,7.845205479452055,0
rel0p0340_fy0p8000_pq0p0000_fl0p0000_fs1p0000_mu0p9700_j0p2500_c0p9300_xs0p1000,0.034,0.1,0.8,0,0,1,0.97,0.25,0.93,3.4000000000000004,0.1,3.4,0.1,17,2,100,1,7.402109589041096,7.431506849315069,median,7.431506849315069,0
rel0p0340_fy0p8000_pq0p0000_fl0p0000_fs1p0000_mu0p9700_j0p2500_c0p9300_xs0p2000,0.034,0.2,0.8,0,0,1,0.97,0.25,0.93,3.4000000000000004,0.2,3.4,0.2,17,3,100,1,6.942356164383561,6.973972602739726,median,6.973972602739726,0
rel0p0340_fy0p8000_pq0p0000_fl0p0000_fs1p0000_mu0p9700_j0p2500_c0p9300_xs0p3000,0.034,0.3,0.8,0,0,1,0.97,0.25,0.93,3.4000000000000004,0.3,3.4,0.3,17,4,100,1,6.502328767123288,6.519178082191781,median,6.519178082191781,0
rel0p0340_fy0p8000_pq0p0000_fl0p0000_fs1p0000_mu0p9700_j0p2500_c0p9300_xs0p4000,0.034,0.4,0.8,0,0,1,0.97,0.25,0.93,3.4000000000000004,0.4,3.4,0.4,17,5,100,1,6.085150684931507,6.0849315068493155,median,6.0849315068493155,0
rel0p0340_fy0p8000_pq0p0000_fl0p0000_fs1p0000_mu0p9700_j0p2500_c0p9300_xs0p5000,0.034,0.5,0.8,0,0,1,0.97,0.25,0.93,3.4000000000000004,0.5,3.4,0.5,17,6,100,1,5.664520547945205,5.653424657534247,median,5.653424657534247,0
rel0p0340_fy0p8000_pq0p0000_fl0p0000_fs1p0000_mu0p9700_j0p2500_c0p9300_xs0p6000,0.034,0.6,0.8,0,0,1,0.97,0.25,0.93,3.4000000000000004,0.6,3.4,0.6,17,7,100,1,5.282164383561644,5.284931506849315,median,5.284931506849315,0
rel0p0340_fy0p8000_pq0p0000_fl0p0000_fs1p0000_mu0p9700_j0p2500_c0p9300_xs0p7000,0.034,0.7,0.8,0,0,1,0.97,0.25,0.93,3.4000000000000004,0.7,3.4,0.7,17,8,100,1,4.89413698630137,4.8780821917808215,median,4.8780821917808215,0
rel0p0340_fy0p8000_pq0p0000_fl0p0000_fs1p0000_mu0p9700_j0p2500_c0p9300_xs0p8000,0.034,0.8,0.8,0,0,1,0.97,0.25,0.93,3.4000000000000004,0.8,3.4,0.8,17,9,100,1,4.538027397260274,4.523287671232877,median,4.523287671232877,0
rel0p0340_fy0p8000_pq0p0000_fl0p0000_fs1p0000_mu0p9700_j0p2500_c0p9300_xs0p9000,0.034,0.9,0.8,0,0,1,0.97,0.25,0.93,3.4000000000000004,0.9,3.4,0.9,17,10,100,1,4.166027397260274,4.161643835616438,median,4.161643835616438,0
rel0p0340_fy0p8000_pq0p0000_fl0p0000_fs1p0000_mu0p9700_j0p2500_c0p9300_xs1p0000,0.034,1,0.8,0,0,1,0.97,0.25,0.93,3.4000000000000004,1,3.4,1,17,11,100,1,3.8124383561643835,3.8013698630136985,median,3.8013698630136985,0
rel0p0360_fy0p8000_pq0p0000_fl0p0000_fs1p0000_mu0p9700_j0p2500_c0p9300_xs0p0000,0.036,0,0.8,0,0,1,0.97,0.25,0.93,3.5999999999999996,0,3.6,0,18,1,100,1,7.5609315068493155,7.568493150684931,median,7.568493150684931,0
rel0p0360_fy0p8000_pq0p0000_fl0p0000_fs1p0000_mu0p9700_j0p2500_c0p9300_xs0p1000,0.036,0.1,0.8,0,0,1,0.97,0.25,0.93,3.5999999999999996,0.1,3.6,0.1,18,2,100,1,7.141890410958904,7.120547945205479,median,7.120547945205479,0
rel0p0360_fy0p8000_pq0p0000_fl0p0000_fs1p0000_mu0p9700_j0p2500_c0p9300_xs0p2000,0.036,0.2,0.8,0,0,1,0.97,0.25,0.93,3.5999999999999996,0.2,3.6,0.2,18,3,100,1,6.709561643835617,6.691780821917808,median,6.691780821917808,0
rel0p0360_fy0p8000_pq0p0000_fl0p0000_fs1p0000_mu0p9700_j0p2500_c0p9300_xs0p3000,0.036,0.3,0.8,0,0,1,0.97,0.25,0.93,3.5999999999999996,0.3,3.6,0.3,18,4,100,1,6.310164383561644,6.3054794520547945,median,6.3054794520547945,0
rel0p0360_fy0p8000_pq0p0000_fl0p0000_fs1p0000_mu0p9700_j0p2500_c0p9300_xs0p4000,0.036,0.4,0.8,0,0,1,0.97,0.25,0.93,3.5999999999999996,0.4,3.6,0.4,18,5,100,1,5.943150684931507,5.958904109589041,median,5.958904109589041,0
rel0p0360_fy0p8000_pq0p0000_fl0p0000_fs1p0000_mu0p9700_j0p2500_c0p9300_xs0p5000,0.036,0.5,0.8,0,0,1,0.97,0.25,0.93,3.5999999999999996,0.5,3.6,0.5,18,6,100,1,5.507643835616438,5.515068493150685,median,5.515068493150685,0
rel0p0360_fy0p8000_pq0p0000_fl0p0000_fs1p0000_mu0p9700_j0p2500_c0p9300_xs0p6000,0.036,0.6,0.8,0,0,1,0.97,0.25,0.93,3.5999999999999996,0.6,3.6,0.6,18,7,100,1,5.156410958904109,5.153424657534247,median,5.153424657534247,0
rel0p0360_fy0p8000_pq0p0000_fl0p0000_fs1p0000_mu0p9700_j0p2500_c0p9300_xs0p7000,0.036,0.7,0.8,0,0,1,0.97,0.25,0.93,3.5999999999999996,0.7,3.6,0.7,18,8,100,1,4.79517808219178,4.804109589041095,median,4.804109589041095,0
rel0p0360_fy0p8000_pq0p0000_fl0p0000_fs1p0000_mu0p9700_j0p2500_c0p9300_xs0p8000,0.036,0.8,0.8,0,0,1,0.97,0.25,0.93,3.5999999999999996,0.8,3.6,0.8,18,9,100,1,4.4585479452054795,4.449315068493151,median,4.449315068493151,0
rel0p0360_fy0p8000_pq0p0000_fl0p0000_fs1p0000_mu0p9700_j0p2500_c0p9300_xs0p9000,0.036,0.9,0.8,0,0,1,0.97,0.25,0.93,3.5999999999999996,0.9,3.6,0.9,18,10,100,1,4.079287671232876,4.072602739726028,median,4.072602739726028,0
rel0p0360_fy0p8000_pq0p0000_fl0p0000_fs1p0000_mu0p9700_j0p2500_c0p9300_xs1p0000,0.036,1,0.8,0,0,1,0.97,0.25,0.93,3.5999999999999996,1,3.6,1,18,11,100,1,3.7435616438356165,3.728767123287671,median,3.728767123287671,0
rel0p0380_fy0p8000_pq0p0000_fl0p0000_fs1p0000_mu0p9700_j0p2500_c0p9300_xs0p0000,0.038,0,0.8,0,0,1,0.97,0.25,0.93,3.8,0,3.8,0,19,1,100,1,7.292164383561643,7.3054794520547945,median,7.3054794520547945,0
rel0p0380_fy0p8000_pq0p0000_fl0p0000_fs1p0000_mu0p9700_j0p2500_c0p9300_xs0p1000,0.038,0.1,0.8,0,0,1,0.97,0.25,0.93,3.8,0.1,3.8,0.1,19,2,100,1,6.931890410958904,6.936986301369863,median,6.936986301369863,0
rel0p0380_fy0p8000_pq0p0000_fl0p0000_fs1p0000_mu0p9700_j0p2500_c0p9300_xs0p2000,0.038,0.2,0.8,0,0,1,0.97,0.25,0.93,3.8,0.2,3.8,0.2,19,3,100,1,6.521260273972603,6.502739726027397,median,6.502739726027397,0
rel0p0380_fy0p8000_pq0p0000_fl0p0000_fs1p0000_mu0p9700_j0p2500_c0p9300_xs0p3000,0.038,0.3,0.8,0,0,1,0.97,0.25,0.93,3.8,0.3,3.8,0.3,19,4,100,1,6.141561643835616,6.120547945205479,median,6.120547945205479,0
rel0p0380_fy0p8000_pq0p0000_fl0p0000_fs1p0000_mu0p9700_j0p2500_c0p9300_xs0p4000,0.038,0.4,0.8,0,0,1,0.97,0.25,0.93,3.8,0.4,3.8,0.4,19,5,100,1,5.761890410958904,5.761643835616439,median,5.761643835616439,0
rel0p0380_fy0p8000_pq0p0000_fl0p0000_fs1p0000_mu0p9700_j0p2500_c0p9300_xs0p5000,0.038,0.5,0.8,0,0,1,0.97,0.25,0.93,3.8,0.5,3.8,0.5,19,6,100,1,5.419315068493151,5.435616438356164,median,5.435616438356164,0
rel0p0380_fy0p8000_pq0p0000_fl0p0000_fs1p0000_mu0p9700_j0p2500_c0p9300_xs0p6000,0.038,0.6,0.8,0,0,1,0.97,0.25,0.93,3.8,0.6,3.8,0.6,19,7,100,1,5.028849315068493,5.035616438356165,median,5.035616438356165,0
rel0p0380_fy0p8000_pq0p0000_fl0p0000_fs1p0000_mu0p9700_j0p2500_c0p9300_xs0p7000,0.038,0.7,0.8,0,0,1,0.97,0.25,0.93,3.8,0.7,3.8,0.7,19,8,100,1,4.71013698630137,4.6945205479452055,median,4.6945205479452055,0
rel0p0380_fy0p8000_pq0p0000_fl0p0000_fs1p0000_mu0p9700_j0p2500_c0p9300_xs0p8000,0.038,0.8,0.8,0,0,1,0.97,0.25,0.93,3.8,0.8,3.8,0.8,19,9,100,1,4.352657534246576,4.361643835616438,median,4.361643835616438,0
rel0p0380_fy0p8000_pq0p0000_fl0p0000_fs1p0000_mu0p9700_j0p2500_c0p9300_xs0p9000,0.038,0.9,0.8,0,0,1,0.97,0.25,0.93,3.8,0.9,3.8,0.9,19,10,100,1,4.024328767123287,4.026027397260274,median,4.026027397260274,0
rel0p0380_fy0p8000_pq0p0000_fl0p0000_fs1p0000_mu0p9700_j0p2500_c0p9300_xs1p0000,0.038,1,0.8,0,0,1,0.97,0.25,0.93,3.8,1,3.8,1,19,11,100,1,3.6876712328767125,3.682191780821918,median,3.682191780821918,0
rel0p0400_fy0p8000_pq0p0000_fl0p0000_fs1p0000_mu0p9700_j0p2500_c0p9300_xs0p0000,0.04,0,0.8,0,0,1,0.97,0.25,0.93,4,0,4,0,20,1,100,1,7.043369863013699,7.071232876712329,median,7.071232876712329,0
rel0p0400_fy0p8000_pq0p0000_fl0p0000_fs1p0000_mu0p9700_j0p2500_c0p9300_xs0p1000,0.04,0.1,0.8,0,0,1,0.97,0.25,0.93,4,0.1,4,0.1,20,2,100,1,6.764383561643836,6.750684931506849,median,6.750684931506849,0
rel0p0400_fy0p8000_pq0p0000_fl0p0000_fs1p0000_mu0p9700_j0p2500_c0p9300_xs0p2000,0.04,0.2,0.8,0,0,1,0.97,0.25,0.93,4,0.2,4,0.2,20,3,100,1,6.364904109589041,6.353424657534247,median,6.353424657534247,0
rel0p0400_fy0p8000_pq0p0000_fl0p0000_fs1p0000_mu0p9700_j0p2500_c0p9300_xs0p3000,0.04,0.3,0.8,0,0,1,0.97,0.25,0.93,4,0.3,4,0.3,20,4,100,1,5.968767123287671,5.967123287671233,median,5.967123287671233,0
rel0p0400_fy0p8000_pq0p0000_fl0p0000_fs1p0000_mu0p9700_j0p2500_c0p9300_xs0p4000,0.04,0.4,0.8,0,0,1,0.97,0.25,0.93,4,0.4,4,0.4,20,5,100,1,5.6168219178082195,5.616438356164384,median,5.616438356164384,0
rel0p0400_fy0p8000_pq0p0000_fl0p0000_fs1p0000_mu0p9700_j0p2500_c0p9300_xs0p5000,0.04,0.5,0.8,0,0,1,0.97,0.25,0.93,4,0.5,4,0.5,20,6,100,1,5.272465753424657,5.269863013698631,median,5.269863013698631,0
rel0p0400_fy0p8000_pq0p0000_fl0p0000_fs1p0000_mu0p9700_j0p2500_c0p9300_xs0p6000,0.04,0.6,0.8,0,0,1,0.97,0.25,0.93,4,0.6,4,0.6,20,7,100,1,4.945506849315068,4.917808219178082,median,4.917808219178082,0
rel0p0400_fy0p8000_pq0p0000_fl0p0000_fs1p0000_mu0p9700_j0p2500_c0p9300_xs0p7000,0.04,0.7,0.8,0,0,1,0.97,0.25,0.93,4,0.7,4,0.7,20,8,100,1,4.588465753424658,4.605479452054794,median,4.605479452054794,0
rel0p0400_fy0p8000_pq0p0000_fl0p0000_fs1p0000_mu0p9700_j0p2500_c0p9300_xs0p8000,0.04,0.8,0.8,0,0,1,0.97,0.25,0.93,4,0.8,4,0.8,20,9,100,1,4.285369863013699,4.275342465753425,median,4.275342465753425,0
rel0p0400_fy0p8000_pq0p0000_fl0p0000_fs1p0000_mu0p9700_j0p2500_c0p9300_xs0p9000,0.04,0.9,0.8,0,0,1,0.97,0.25,0.93,4,0.9,4,0.9,20,10,100,1,3.9276712328767123,3.9246575342465753,median,3.9246575342465753,0
rel0p0400_fy0p8000_pq0p0000_fl0p0000_fs1p0000_mu0p9700_j0p2500_c0p9300_xs1p0000,0.04,1,0.8,0,0,1,0.97,0.25,0.93,4,1,4,1,20,11,100,1,3.624630136986301,3.6150684931506847,median,3.6150684931506847,0
